-- MySQL dump 10.13  Distrib 5.7.30, for Linux (x86_64)
--
-- Host: 127.0.0.1    Database: TVDB
-- ------------------------------------------------------
-- Server version	5.7.30-0ubuntu0.18.04.1

/*!40101 SET @OLD_CHARACTER_SET_CLIENT=@@CHARACTER_SET_CLIENT */;
/*!40101 SET @OLD_CHARACTER_SET_RESULTS=@@CHARACTER_SET_RESULTS */;
/*!40101 SET @OLD_COLLATION_CONNECTION=@@COLLATION_CONNECTION */;
/*!40101 SET NAMES utf8 */;
/*!40103 SET @OLD_TIME_ZONE=@@TIME_ZONE */;
/*!40103 SET TIME_ZONE='+00:00' */;
/*!40014 SET @OLD_UNIQUE_CHECKS=@@UNIQUE_CHECKS, UNIQUE_CHECKS=0 */;
/*!40014 SET @OLD_FOREIGN_KEY_CHECKS=@@FOREIGN_KEY_CHECKS, FOREIGN_KEY_CHECKS=0 */;
/*!40101 SET @OLD_SQL_MODE=@@SQL_MODE, SQL_MODE='NO_AUTO_VALUE_ON_ZERO' */;
/*!40111 SET @OLD_SQL_NOTES=@@SQL_NOTES, SQL_NOTES=0 */;

--
-- Table structure for table `buzz`
--

DROP TABLE IF EXISTS `buzz`;
/*!40101 SET @saved_cs_client     = @@character_set_client */;
/*!40101 SET character_set_client = utf8 */;
CREATE TABLE `buzz` (
  `user_id` int(11) NOT NULL,
  `tvshow_id` int(11) NOT NULL,
  PRIMARY KEY (`user_id`,`tvshow_id`),
  KEY `fk_buzz_tvshow_id` (`tvshow_id`),
  CONSTRAINT `fk_buzz_tvshow_id` FOREIGN KEY (`tvshow_id`) REFERENCES `tvshow` (`id`),
  CONSTRAINT `fk_buzz_user_id` FOREIGN KEY (`user_id`) REFERENCES `user` (`id`)
) ENGINE=InnoDB DEFAULT CHARSET=latin1;
/*!40101 SET character_set_client = @saved_cs_client */;

--
-- Dumping data for table `buzz`
--

LOCK TABLES `buzz` WRITE;
/*!40000 ALTER TABLE `buzz` DISABLE KEYS */;
INSERT INTO `buzz` VALUES (78,456),(85,456),(86,456),(82,1396),(83,1396),(84,1396),(85,1396),(86,1396),(83,1399),(84,1399),(85,1399),(86,1399),(78,1427),(81,1427),(82,1427),(83,1427),(84,1427),(85,1427),(86,1427),(87,1668),(80,57243),(81,57243),(82,57243),(83,57243),(84,57243),(85,57243),(86,57243),(82,63247),(83,63247),(84,63247),(85,63247),(86,63247),(81,65494),(82,65494),(83,65494),(84,65494),(85,65494),(86,65494),(80,70573),(81,70573),(82,70573),(83,70573),(84,70573),(83,82856),(84,82856),(85,82856),(86,82856);
/*!40000 ALTER TABLE `buzz` ENABLE KEYS */;
UNLOCK TABLES;

--
-- Table structure for table `episode`
--

DROP TABLE IF EXISTS `episode`;
/*!40101 SET @saved_cs_client     = @@character_set_client */;
/*!40101 SET character_set_client = utf8 */;
CREATE TABLE `episode` (
  `id` int(11) NOT NULL,
  `season_id` int(11) NOT NULL,
  `episode_number` int(11) NOT NULL,
  `title` varchar(255) NOT NULL,
  `synopsis` text NOT NULL,
  PRIMARY KEY (`id`),
  KEY `fk_episode_season_id` (`season_id`),
  CONSTRAINT `fk_episode_season_id` FOREIGN KEY (`season_id`) REFERENCES `season` (`id`)
) ENGINE=InnoDB DEFAULT CHARSET=latin1;
/*!40101 SET character_set_client = @saved_cs_client */;

--
-- Dumping data for table `episode`
--

LOCK TABLES `episode` WRITE;
/*!40000 ALTER TABLE `episode` DISABLE KEYS */;
/*!40000 ALTER TABLE `episode` ENABLE KEYS */;
UNLOCK TABLES;

--
-- Table structure for table `friends`
--

DROP TABLE IF EXISTS `friends`;
/*!40101 SET @saved_cs_client     = @@character_set_client */;
/*!40101 SET character_set_client = utf8 */;
CREATE TABLE `friends` (
  `user_id_1` int(11) NOT NULL,
  `user_id_2` int(11) NOT NULL,
  PRIMARY KEY (`user_id_1`,`user_id_2`),
  KEY `fk_friends_user_id_2` (`user_id_2`),
  CONSTRAINT `fk_friends_user_id_1` FOREIGN KEY (`user_id_1`) REFERENCES `user` (`id`),
  CONSTRAINT `fk_friends_user_id_2` FOREIGN KEY (`user_id_2`) REFERENCES `user` (`id`)
) ENGINE=InnoDB DEFAULT CHARSET=latin1;
/*!40101 SET character_set_client = @saved_cs_client */;

--
-- Dumping data for table `friends`
--

LOCK TABLES `friends` WRITE;
/*!40000 ALTER TABLE `friends` DISABLE KEYS */;
/*!40000 ALTER TABLE `friends` ENABLE KEYS */;
UNLOCK TABLES;

--
-- Table structure for table `genre`
--

DROP TABLE IF EXISTS `genre`;
/*!40101 SET @saved_cs_client     = @@character_set_client */;
/*!40101 SET character_set_client = utf8 */;
CREATE TABLE `genre` (
  `id` int(11) NOT NULL,
  `name` varchar(255) NOT NULL,
  PRIMARY KEY (`id`)
) ENGINE=InnoDB DEFAULT CHARSET=latin1;
/*!40101 SET character_set_client = @saved_cs_client */;

--
-- Dumping data for table `genre`
--

LOCK TABLES `genre` WRITE;
/*!40000 ALTER TABLE `genre` DISABLE KEYS */;
INSERT INTO `genre` VALUES (37,'western');
/*!40000 ALTER TABLE `genre` ENABLE KEYS */;
UNLOCK TABLES;

--
-- Table structure for table `genre_tvshow`
--

DROP TABLE IF EXISTS `genre_tvshow`;
/*!40101 SET @saved_cs_client     = @@character_set_client */;
/*!40101 SET character_set_client = utf8 */;
CREATE TABLE `genre_tvshow` (
  `tvshow_id` int(11) NOT NULL,
  `genre_id` int(11) NOT NULL,
  PRIMARY KEY (`tvshow_id`,`genre_id`),
  KEY `fk_genre_tvshow_genre_id` (`genre_id`),
  CONSTRAINT `fk_genre_tvshow_genre_id` FOREIGN KEY (`genre_id`) REFERENCES `genre` (`id`),
  CONSTRAINT `fk_genre_tvshow_tvshow_id` FOREIGN KEY (`tvshow_id`) REFERENCES `tvshow` (`id`)
) ENGINE=InnoDB DEFAULT CHARSET=latin1;
/*!40101 SET character_set_client = @saved_cs_client */;

--
-- Dumping data for table `genre_tvshow`
--

LOCK TABLES `genre_tvshow` WRITE;
/*!40000 ALTER TABLE `genre_tvshow` DISABLE KEYS */;
/*!40000 ALTER TABLE `genre_tvshow` ENABLE KEYS */;
UNLOCK TABLES;

--
-- Table structure for table `genre_user`
--

DROP TABLE IF EXISTS `genre_user`;
/*!40101 SET @saved_cs_client     = @@character_set_client */;
/*!40101 SET character_set_client = utf8 */;
CREATE TABLE `genre_user` (
  `user_id` int(11) NOT NULL,
  `genre_id` int(11) NOT NULL,
  PRIMARY KEY (`user_id`,`genre_id`),
  KEY `fk_genre_user_genre_id` (`genre_id`),
  CONSTRAINT `fk_genre_user_genre_id` FOREIGN KEY (`genre_id`) REFERENCES `genre` (`id`),
  CONSTRAINT `fk_genre_user_user_id` FOREIGN KEY (`user_id`) REFERENCES `user` (`id`)
) ENGINE=InnoDB DEFAULT CHARSET=latin1;
/*!40101 SET character_set_client = @saved_cs_client */;

--
-- Dumping data for table `genre_user`
--

LOCK TABLES `genre_user` WRITE;
/*!40000 ALTER TABLE `genre_user` DISABLE KEYS */;
/*!40000 ALTER TABLE `genre_user` ENABLE KEYS */;
UNLOCK TABLES;

--
-- Table structure for table `season`
--

DROP TABLE IF EXISTS `season`;
/*!40101 SET @saved_cs_client     = @@character_set_client */;
/*!40101 SET character_set_client = utf8 */;
CREATE TABLE `season` (
  `id` int(11) NOT NULL,
  `tvshow_id` int(11) NOT NULL,
  `season_number` int(11) NOT NULL,
  `nbEpisodes` int(11) NOT NULL,
  `synopsis` text NOT NULL,
  `img` varchar(255) NOT NULL,
  `year` int(11) DEFAULT NULL,
  PRIMARY KEY (`id`),
  KEY `fk_season_tvshow_id` (`tvshow_id`),
  CONSTRAINT `fk_season_tvshow_id` FOREIGN KEY (`tvshow_id`) REFERENCES `tvshow` (`id`)
) ENGINE=InnoDB DEFAULT CHARSET=latin1;
/*!40101 SET character_set_client = @saved_cs_client */;

--
-- Dumping data for table `season`
--

LOCK TABLES `season` WRITE;
/*!40000 ALTER TABLE `season` DISABLE KEYS */;
INSERT INTO `season` VALUES (1432,500,2,22,'','https://image.tmdb.org/t/p/w1920_and_h800_multi_faces//xstIZSIyfqbdukB1oXKJKViFBKY.jpg',1993),(1434,500,7,16,'','https://image.tmdb.org/t/p/w1920_and_h800_multi_faces//jfuRvC0M3RPA7CPNOhXyK2UEXHQ.jpg',1998),(1436,500,4,13,'','https://image.tmdb.org/t/p/w1920_and_h800_multi_faces//9piUsyNYonSYVzY87VEw0Mk0lzG.jpg',1995),(2568,888,3,14,'','https://image.tmdb.org/t/p/w1920_and_h800_multi_faces//1vqVLjM1m7jJ3xH7WcjNLgt50mP.jpg',1996),(2572,888,1,14,'','https://image.tmdb.org/t/p/w1920_and_h800_multi_faces//5311wSCVVXZgoCCbjszm4tt6vDz.jpg',1994),(2573,888,5,13,'','https://image.tmdb.org/t/p/w1920_and_h800_multi_faces//8GY0gSOOoSrTB3tRyrpJ2Yi4Cny.jpg',1997),(2596,900,1,10,'Skins is a British teen drama created by father-and-son television writers Bryan Elsley and Jamie Brittain for Company Pictures. The first series began airing on E4 on 25 January 2007 and ended on 22 March 2007. This series follows the lives of sixth form students Tony Stonem, Michelle Richardson, Sid Jenkins, Cassie Ainsworth, Chris Miles, Jal Fazer, Maxxie Oliver and Anwar Kharral.','https://image.tmdb.org/t/p/w1920_and_h800_multi_faces//exsqhxwmAD0r6rP56mW2EIvxKtQ.jpg',2007),(2597,900,2,0,'Skins is a British teen drama created by father-and-son television writers Bryan Elsley and Jamie Brittain for Company Pictures. The second series began airing on E4 on 11 February 2008 and ended on 14 April 2008. This series follows the lives of sixth form students Tony Stonem, Michelle Richardson, Sid Jenkins, Cassie Ainsworth, Chris Miles, Jal Fazer, Maxxie Oliver, Anwar Kharral and new character Lucy \"Sketch\".','https://image.tmdb.org/t/p/w1920_and_h800_multi_faces//z3hWluGuywvvSckgyPPpRQJcXcs.jpg',2008),(2598,900,3,19,'Skins is a British teen drama created by father-and-son television writers Bryan Elsley and Jamie Brittain for Company Pictures. The third series began airing on E4 on 22 January 2009 and ended on 26 March 2009. This series sees the introduction of a new cast; it follows the lives of sixth form students Effy Stonem, Pandora Moon, Thomas Tomone, James Cook, Freddie McClair, JJ Jones, Naomi Campbell, and twin sisters Emily and Katie Fitch.','https://image.tmdb.org/t/p/w1920_and_h800_multi_faces//pmckcTpT9EljbzJS1IekDWDA0fj.jpg',2009),(2599,900,4,8,'Skins is a British teen drama created by father-and-son television writers Bryan Elsley and Jamie Brittain for Company Pictures. The fourth series began airing on E4 on 28 January 2010 and ended on 18 March 2010. Like the previous series, this series follows the lives of the second generation, which consists of Effy Stonem, Pandora Moon, Thomas Tomone, James Cook, Freddie McClair, JJ Jones, Naomi Campbell, and twin sisters Emily and Katie Fitch.','https://image.tmdb.org/t/p/w1920_and_h800_multi_faces//u1QuZ4NuuEQmjMs2rBJoFHLiMhu.jpg',2010),(2600,900,5,7,'Skins is a British teen drama created by father-and-son television writers Bryan Elsley and Jamie Brittain for Company Pictures. The fifth series began airing on E4 on 27 January 2011 and ended on 17 March 2011. This series sees the introduction of a new cast; it follows the lives of the third generation of characters, which consists of Franky Fitzgerald, Rich Hardbeck, Mini McGuinness, Liv Malone, Alo Creevey, and brothers Nick and Matty Levan.','https://image.tmdb.org/t/p/w1920_and_h800_multi_faces//oCyAH2aydsw8NqcUkkFwGtqVZ7u.jpg',2011),(2601,900,6,10,'Skins is a British teen drama created by father-and-son television writers Bryan Elsley and Jamie Brittain for Company Pictures. The sixth series began airing on E4 on 23 January 2012 and ended on 26 March 2012. Like the previous series, it follows the lives of the third generation of characters, which consists of Franky Fitzgerald, Rich Hardbeck, Mini McGuinness, Liv Malone, Alo Creevey, brothers Nick and Matty Levan, and new character Alex Henley.','https://image.tmdb.org/t/p/w1920_and_h800_multi_faces//yV9q35d4buil1IuYQa2MbxjLvaf.jpg',2012),(2602,900,0,65,'','https://image.tmdb.org/t/p/w1920_and_h800_multi_faces//KzzneE5zr87OSWYHdp2KGFU8n6.jpg',2007),(2603,900,7,6,'Skins is a British teen drama created by father-and-son television writers Bryan Elsley and Jamie Brittain for Company Pictures. The seventh and final series began airing on E4 on 1 July 2013 and ended on 5 August 2013. The final series sees the return of several characters from the first two generations of the show.\n\nNotably, all of the characters have undergone enormous personality changes since their last appearances: Effy has cast her party-hard lifestyle and issues aside, and has become more mature and ambitious. Naomi has lost much of her ambition as a principled young woman and is now a layabout and stoner. Emily has become more confident. Cassie has overcome her mental issues, but has become solitary, serious, principled and tired, and Cook has become much more subdued, serious and calculated, as a result of having spent years on the run.','https://image.tmdb.org/t/p/w1920_and_h800_multi_faces//jvekOfSxGDDBgCdF1X0sK7cw25q.jpg',2013),(3572,1396,1,7,'High school chemistry teacher Walter White\'s life is suddenly transformed by a dire medical diagnosis. Street-savvy former student Jesse Pinkman \"teaches\" Walter a new trade.','https://image.tmdb.org/t/p/w1920_and_h800_multi_faces//1BP4xYv9ZG4ZVHkL7ocOziBbSYH.jpg',2008),(3573,1396,2,13,'In the second season, Walt must deal with the chain reaction of his choice, as he and Jesse face new and severe consequences. When danger and suspicion around Walt escalate, he is pushed to new levels of desperation. Just how much higher will the stakes rise? How far is Walt willing to go to ensure his family\'s security? Will his grand plan spiral out of control?','https://image.tmdb.org/t/p/w1920_and_h800_multi_faces//e3oGYpoTUhOFK0BJfloru5ZmGV.jpg',2009),(3575,1396,3,13,'In the third season, Walt continues to battle dueling identities: a desperate husband and father trying to provide for his family, and a newly appointed key player in the Albuquerque drug trade. As the danger around him escalates, Walt is now entrenched in the complex worlds of an angst-ridden family on the verge of dissolution, and the ruthless and unrelenting drug cartel.','https://image.tmdb.org/t/p/w1920_and_h800_multi_faces//ffP8Q8ew048YofHRnFVM18B2fPG.jpg',2010),(3576,1396,4,13,'This season, Walt and Jesse must cope with the fallout of their previous actions, both personally and professionally. Tension mounts as Walt faces a true standoff with his employer, Gus, with neither side willing or able to back down. Walt must also adjust to a new relationship with Skyler, whom while still reconciling her relationship with Walt, is committed to properly laundering Walt’s money and ensuring her sister Marie and an ailing Hank are financially stable.','https://image.tmdb.org/t/p/w1920_and_h800_multi_faces//5ewrnKp4TboU4hTLT5cWO350mHj.jpg',2011),(3577,1396,0,41,'','https://image.tmdb.org/t/p/w1920_and_h800_multi_faces//AngNuUbXSciwLnUXtdOBHqphxNr.jpg',2009),(3578,1396,5,16,'In season five, Walt is faced with the prospect of moving on in a world without his enemy. As the pressure of a criminal life starts to build, Skyler struggles to keep Walt’s terrible secrets. Facing resistance from sometime adversary and former Fring lieutenant Mike, Walt tries to keep his world from falling apart even as his DEA Agent brother in law, Hank, finds numerous leads that could blaze a path straight to Walt. \n\nAll bad things must come to an end.','https://image.tmdb.org/t/p/w1920_and_h800_multi_faces//r3z70vunihrAkjILQKWHX0G2xzO.jpg',2012),(3581,456,0,63,'','https://image.tmdb.org/t/p/w1920_and_h800_multi_faces//lzN0CllVFXtGtSl15r59Kb52DdT.jpg',1987),(3582,456,1,13,'The Simpsons\' first season originally aired between December 17, 1989 and May 13, 1990, beginning with the Christmas special \"Simpsons Roasting on an Open Fire\". The executive producers for the first production season were Matt Groening, James L. Brooks, and Sam Simon.\n\nThe series was originally set to debut in late 1989 with the episode \"Some Enchanted Evening\", which was meant to introduce the main characters; during the first screening of the episode, the producers discovered that the animation was so appalling that 70% of the episode needed to be redone. The producers considered aborting the series if the next episode turned out as bad, but it only suffered from easily fixable problems. The producers convinced Fox to move the debut to December 17, and aired \"Simpsons Roasting on an Open Fire\" as the first episode of the series. The first season won one Emmy Award, and received four additional nominations.\n\nThe DVD boxset was released on September 25, 2001 in Region 1 and September 24, 2001 in both Region 2 and Region 4. Season one was also released for the iTunes Store on December 22, 2010, dubbed a \"digital edition.\"','https://image.tmdb.org/t/p/w1920_and_h800_multi_faces//u3U4aGwSTpvbULPHTsm7XhadynO.jpg',1989),(3583,456,2,22,'The Simpsons\' second season originally aired between October 11, 1990 and May 9, 1991, and contained 22 episodes, beginning with \"Bart Gets an F\". Another episode, \"Blood Feud\" aired during the summer after the official season finale. The executive producers for the second production season were Matt Groening, James L. Brooks, and Sam Simon, who had also been EPs for the previous season. The DVD box set was released on August 6, 2002 in Region 1, July 8, 2002 in Region 2 and in September, 2002 in Region 4. The episode \"Homer vs. Lisa and the 8th Commandment\" won the Primetime Emmy Award for Outstanding Animated Program, and was also nominated in the \"Outstanding Sound Mixing for a Comedy Series or a Special\" category.','https://image.tmdb.org/t/p/w1920_and_h800_multi_faces//78320WYaATUuEESTvO4x0mBdndA.jpg',1990),(3584,456,3,24,'The Simpsons\' third season originally aired on the Fox network between September 19, 1991 and May 7, 1992. The showrunners for the third production season were Al Jean and Mike Reiss who executive produced 22 episodes for the season, while two other episodes were produced by James L. Brooks, Matt Groening, and Sam Simon. An additional episode, \"Brother, Can You Spare Two Dimes?\", aired on August 27, 1992 after the official end of the third season and is included on the Season 3 DVD set. Season three won six Primetime Emmy Awards for \"Outstanding Voice-Over Performance\" and also received a nomination for \"Outstanding Animated Program\" for the episode \"Radio Bart\". The complete season was released on DVD in Region 1 on August 26, 2003, Region 2 on October 6, 2003, and in Region 4 on October 22, 2003.','https://image.tmdb.org/t/p/w1920_and_h800_multi_faces//sEmfyUy9mts03y6KoI782gi2fVd.jpg',1991),(3585,456,4,22,'The Simpsons\' fourth season originally aired on the Fox network between September 24, 1992 and May 13, 1993, beginning with \"Kamp Krusty.\" The showrunners for the fourth production season were Al Jean and Mike Reiss. The aired season contained two episodes which were hold-over episodes from season three, which Jean and Reiss also ran. Following the end of the production of the season, Jean, Reiss and most of the original writing staff left the show. The season was nominated for two Primetime Emmy Awards and Dan Castellaneta would win one for his performance as Homer in \"Mr. Plow\". The fourth season was released on DVD in Region 1 on June 15, 2004, Region 2 on August 2, 2004 and in Region 4 on August 25, 2004.','https://image.tmdb.org/t/p/w1920_and_h800_multi_faces//eraNNGEdCn29cTyzjwfBgBdTetF.jpg',1992),(3586,456,5,22,'The Simpsons\' fifth season originally aired on the Fox network between September 30, 1993 and May 19, 1994. The showrunner for the fifth production season was David Mirkin who executive produced 20 episodes. Al Jean and Mike Reiss executive produced the remaining two, which were both hold overs that were produced for the previous season. The season contains some of the series\' most acclaimed episodes, including \"Cape Feare\" and \"Rosebud\". It also includes the 100th episode, \"Sweet Seymour Skinner\'s Baadasssss Song\". The season was nominated for two Primetime Emmy Awards and won an Annie Award for Best Animated Television Program as well as an Environmental Media Award and a Genesis Award. The DVD box set was released in Region 1 on December 21, 2004, Region 2 on March 21, 2005, and Region 4 on March 23, 2005.','https://image.tmdb.org/t/p/w1920_and_h800_multi_faces//sTIcXTOctWM3YxEfj1MtViW2E11.jpg',1993),(3587,456,6,25,'The Simpsons\' sixth season originally aired on the Fox network between September 4, 1994, and May 21, 1995, and consists of 25 episodes. The Simpsons is an animated series about a working class family, which consists of Homer, Marge, Bart, Lisa, and Maggie. The show is set in the fictional city of Springfield, and lampoons American culture, society, television and many aspects of the human condition.\n\nThe showrunner for the sixth production season was David Mirkin who executive-produced 23 episodes. Former showrunners Al Jean and Mike Reiss produced the remaining two; they produced the two episodes with the staff of The Critic, the show they left The Simpsons to create. This was done in order to relieve some of the stress The Simpsons\' writing staff endured, as they felt that producing 25 in one season was too much. The episode \"A Star Is Burns\" caused some controversy among the staff with Matt Groening removing his name from the episode\'s credits as he saw it as blatant advertising for The Critic, which was airing at the time. Fox moved The Simpsons back to its original Sunday night time, having aired on Thursdays for the previous four seasons. It has remained in this slot ever since. The sixth season won one Primetime Emmy Award, and received three additional nominations. It also won the Annie Award for Best Animated Television Production.','https://image.tmdb.org/t/p/w1920_and_h800_multi_faces//dJS8Xpp14LHHxuF22Vcm5XDm1wE.jpg',1994),(3588,456,7,25,'The Simpsons\' seventh season originally aired on the Fox network between September 17, 1995 and May 19, 1996. The show runners for the seventh production season were Bill Oakley and Josh Weinstein who would executive produce 21 episodes this season. David Mirkin executive produced the remaining four, including two hold overs that were produced for the previous season. The season was nominated for two Primetime Emmy Awards, including Outstanding Animated Program and won an Annie Award for Best Animated Television Program. The DVD box set was released in Region 1 December 13, 2005, Region 2 January 30, 2006 and Region 4 on March 22, 2006. The set was released in two different forms: a Marge-shaped box and also a standard rectangular-shaped box in which the theme is a movie premiere.','https://image.tmdb.org/t/p/w1920_and_h800_multi_faces//wzCXbdklRedEihsCVASmeDs49ml.jpg',1995),(3589,456,8,25,'The Simpsons\' eighth season originally aired between October 27, 1996 and May 18, 1997, beginning with \"Treehouse of Horror VII\". The showrunners for the eighth production season were Bill Oakley and Josh Weinstein. The aired season contained two episodes which were hold-over episodes from season seven, which Oakley and Weinstein also ran. It also contained two episodes for which Al Jean and Mike Reiss were the show runners.\n\nSeason eight won multiple awards, including two Emmy Awards: \"Homer\'s Phobia\" won for Outstanding Animated Program in 1997, and Alf Clausen and Ken Keeler won for \"Outstanding Individual Achievement in Music and Lyrics\" with the song \"We Put The Spring In Springfield\" from the episode \"Bart After Dark\". Clausen also received an Emmy nomination for \"Outstanding Music Direction\" for \"Simpsoncalifragilisticexpialacious\". \"Brother from Another Series\" was nominated for the Emmy for \"Sound Mixing For a Comedy Series or a Special\". For \"Homer\'s Phobia\", Mike Anderson won the Annie Award for Best Individual Achievement: Directing in a TV Production, and the WAC Winner Best Director for Primetime Series at the 1998 World Animation Celebration. Gay & Lesbian Alliance Against Defamation awarded the episode the GLAAD Media Award for \"Outstanding TV – Individual Episode\".','https://image.tmdb.org/t/p/w1920_and_h800_multi_faces//fOygI0yr07mjlqqVNvWLI1tYXoW.jpg',1996),(3590,456,9,25,'The Simpsons\' ninth season originally aired between September 1997 and May 1998, beginning on Sunday, September 21, 1997 with \"The City of New York vs. Homer Simpson\". The showrunner for the ninth production season was Mike Scully. The aired season contained three episodes which were hold-over episodes from season eight, which Bill Oakley and Josh Weinstein ran. It also contained two episodes which were run by David Mirkin, and another two hold-over episodes from season seven which were run by Al Jean and Mike Reiss.\n\nSeason nine won three Emmy Awards: \"Trash of the Titans\" for Primetime Emmy Award for Outstanding Animated Program in 1998, Hank Azaria picked up \"Outstanding Voice-Over Performance\" for the voice of Apu Nahasapeemapetilon, and Alf Clausen and Ken Keeler picking up the \"Outstanding Music and Lyrics\" award. Clausen was also nominated for \"Outstanding Music Direction\" and \"Outstanding Music Composition for a Series\" for \"Treehouse of Horror VIII\". Season nine was also nominated for a \"Best Network Television Series\" award by the Saturn Awards and \"Best Sound Editing\" for a Golden Reel Award.','https://image.tmdb.org/t/p/w1920_and_h800_multi_faces//cjZ0HnuMVi8SOTA0L2JnHbFZKms.jpg',1997),(3591,456,10,23,'The tenth season of the animated television series The Simpsons was originally broadcast on the Fox network in the United States between August 23, 1998 and May 16, 1999. It contains twenty-three episodes, starting with \"Lard of the Dance\". The Simpsons is a satire of a middle class American lifestyle epitomized by its family of the same name, which consists of Homer, Marge, Bart, Lisa and Maggie. Set in the fictional city of Springfield, the show lampoons American culture, society, television, and many aspects of the human condition.\n\nThe showrunner for the tenth season was Mike Scully. Before production began, a salary dispute between the main cast members of The Simpsons and Fox arose. However, it was soon settled and the actors\' salaries were raised to $125,000 per episode. In addition to the large Simpsons cast, many guest stars appeared in season ten, including Phil Hartman in his last appearance before his death.\n\nThe season, which won the Annie Award for \"Outstanding Achievement in an Animated Television Program\", has been cited by several critics as the beginning of the series\' decline in quality. It ranked twenty-fifth in the season ratings with an average of 13.5 million viewers per episode. The tenth season DVD boxset was released in the United States and Canada on August 7, 2007. It is available in two different packagings, both featuring Bart.','https://image.tmdb.org/t/p/w1920_and_h800_multi_faces//t4wiOGBgoSRgofYxQvRL5WZe6Aj.jpg',1998),(3592,456,11,22,'The Simpsons\' 11th season originally aired between September 1999 and May 2000, beginning on Sunday, September 26, 1999, with \"Beyond Blunderdome\". The showrunner for the 11th production season was Mike Scully. The season contained four hold-over episodes from the season 10 production line.','https://image.tmdb.org/t/p/w1920_and_h800_multi_faces//4Rq5t85B4bt8TYvmhCVhDmk7qMN.jpg',1999),(3593,456,12,21,'The Simpsons\' 12th season began on Wednesday, November 1, 2000 with \"Treehouse of Horror XI\". The season contains three hold over episodes from the season 11 production line. The show runner for the twelfth production was Mike Scully. The season features three episodes that were produced for the eleventh season which was also run by Scully. The season won and was nominated for numerous awards including two Primetime Emmy Awards wins and an Annie Award.','https://image.tmdb.org/t/p/w1920_and_h800_multi_faces//oHBBoAlXX32ROwWCQ0SJrzORCAE.jpg',2000),(3594,456,13,22,'The Simpsons\' thirteenth season originally aired on the Fox network between November 6, 2001 and May 22, 2002 and consists of 22 episodes. The show runner for the thirteenth production season was Al Jean who executive-produced 17 episodes. Mike Scully executive-produced the remaining five, which were all hold-overs that were produced for the previous season. The Simpsons is an animated series about a working-class family, which consists of Homer, Marge, Bart, Lisa, and Maggie. The show is set in the fictional city of Springfield, and lampoons American culture, society, television and many aspects of the human condition.\n\nThe season won an Annie Award for Best Animated Television Production, and was nominated for several other awards, including two Primetime Emmy Awards, three Writers Guild of America Awards, and an Environmental Media Award. The Simpsons ranked 30th in the season ratings with an average viewership of 12.4 million viewers. It was the second highest rated show on Fox after Malcolm in the Middle. The DVD boxset was released in the United States and Canada on August 24, 2010, eight years after it had completed broadcast on television.','https://image.tmdb.org/t/p/w1920_and_h800_multi_faces//wQTdRc2sWgAKFHS1BTHdIzVRmwU.jpg',2001),(3595,456,14,22,'The fourteenth season of the animated television series The Simpsons was originally broadcast on the Fox network in the United States between November 3, 2002 and May 18, 2003. The show runner for the fourteenth production season was Al Jean, who executive produced 21 of 22 episodes. The other episode, \"How I Spent My Strummer Vacation\", was run by Mike Scully. The season contains five hold-overs from the previous season\'s production run. The fourteenth season won two Primetime Emmy Awards, including Outstanding Animated Program, four Annie Awards and a Writers Guild of America Award. On December 6, 2011, it was released on DVD and Blu-ray in North America.','https://image.tmdb.org/t/p/w1920_and_h800_multi_faces//mgGrn5FiofW2bqpJC9PPcwEc84p.jpg',2002),(3596,456,15,22,'The Simpsons\' 15th season began on Sunday, November 2, 2003, with \"Treehouse of Horror XIV\". The season contains five hold-over episodes from the season 14 production line. The most watched episode had 16.2 million viewers and the least watched had 6.2 million viewers.','https://image.tmdb.org/t/p/w1920_and_h800_multi_faces//gSgRvuqI4cWOLONTBl6qW2y2Cih.jpg',2003),(3597,456,16,21,'The Simpsons\' 16th season began on Sunday, November 7, 2004 and contained 21 episodes, beginning with Treehouse of Horror XV. The season contains six hold-over episodes from the season 15 production line.','https://image.tmdb.org/t/p/w1920_and_h800_multi_faces//rdsBcs6VPJHnQgeLg8YinKyvnjO.jpg',2004),(3598,456,17,22,'The Simpsons\' seventeenth season originally aired between September 2005 and May 2006, beginning on Sunday, September 11, 2005. It broke Fox\'s tradition of pushing its shows\' season premieres back to November to accommodate the Major League Baseball games airing on the network during September and October of each year.','https://image.tmdb.org/t/p/w1920_and_h800_multi_faces//vfcmgPqoFmb0hOe6V0DI5qf3y83.jpg',2005),(3599,456,18,22,'The Simpsons\' 18th season aired from September 10, 2006 to May 20, 2007. The season contained seven hold-over episodes from the season 17 production line. Al Jean served as the Showrunner, a position he has held since the thirteenth season.\n\nThe season finale, \"You Kent Always Say What You Want\", was the series\' 400th episode. Additionally, the Simpsons franchise celebrated its 20th anniversary, as it has been on the air since April 1987, beginning with shorts on The Tracey Ullman Show.\n\nSeason 18 included guest appearances by Metallica, Tom Wolfe, Gore Vidal, Michael Chabon, Jonathan Franzen, Fran Drescher, The White Stripes, Kiefer Sutherland, Mary Lynn Rajskub, Richard Lewis, Phil McGraw, Elvis Stojko, Natalie Portman, Jon Lovitz, Betty White, Eric Idle, Sir Mix-a-Lot, Stephen Sondheim, Cristiano Ronaldo, Meg Ryan, Andy Dick, Peter Bogdanovich, James Patterson and others.','https://image.tmdb.org/t/p/w1920_and_h800_multi_faces//7L7ZUZYghgjCcUfLcOPl86MiCvT.jpg',2006),(3600,456,19,20,'The Simpsons\' nineteenth season originally aired on the Fox network between September 23, 2007 and May 18, 2008.','https://image.tmdb.org/t/p/w1920_and_h800_multi_faces//mbgW40YuFJL7VIyrOFAktHl7M8h.jpg',2007),(3601,456,20,21,'The Simpsons\' twentieth season aired on Fox from September 28, 2008 to May 17, 2009. With this season, the show tied Gunsmoke as the longest running American primetime television series in terms of total number of seasons. The season was released on BD January 12, 2010, making this the first season released on BD. It was released on DVD in Region 1 on January 12, 2010, and in Region 4 on January 20, 2010. The season was only released on DVD in Region 2 in a few areas.','https://image.tmdb.org/t/p/w1920_and_h800_multi_faces//eAdllHJ9ZSN7vMjwzIbcVqMSV6t.jpg',2008),(3602,456,21,23,'The Simpsons\' twenty-first season aired on Fox from September 27, 2009 to May 23, 2010. It was the first of two seasons that the show was renewed for by Fox, and also the first season of the show to air entirely in high definition.\n\nWith this season, The Simpsons established itself as the longest-running American primetime television series surpassing Gunsmoke.\n\nThe season received mainly positive reviews from critics, with many praising \"The Squirt and the Whale\", \"To Surveil with Love\" and \"The Bob Next Door\". The show moved up 16 positions in the Nielsen ratings from the previous season and received numerous award nominations, winning two - an Emmy Award for Anne Hathaway for her voicing in \"Once Upon a Time in Springfield\", and an Annie Award for \"Treehouse of Horror XX\".','https://image.tmdb.org/t/p/w1920_and_h800_multi_faces//vT5OgXM5rMKzzF4rrSjFxI3USCg.jpg',2009),(3603,456,22,22,'The Simpsons\' twenty-second season began airing on Fox on September 26, 2010 and ended on May 22, 2011. The Simpsons was renewed for at least two additional seasons during the twentieth season leading up to this season. The cast is currently signed through the 25th season. On November 11, 2010, the series was renewed for a 23rd season by Fox with 22 episodes.','https://image.tmdb.org/t/p/w1920_and_h800_multi_faces//dfYWKwINJ5DaJHxdkHtaVJQfBZI.jpg',2010),(3604,456,23,22,'The Simpsons\' twenty-third season began airing on Fox on September 25, 2011 and ended on May 20, 2012. The show\'s 500th episode, \"At Long Last Leave\", aired on February 19, 2012.','https://image.tmdb.org/t/p/w1920_and_h800_multi_faces//leehbIbn1loBlEndV7WibzyRtuV.jpg',2011),(3605,456,24,22,'The Simpsons\' twenty-fourth season began airing on Fox on September 30, 2012 and concluded on May 19, 2013.','https://image.tmdb.org/t/p/w1920_and_h800_multi_faces//geQfditNq4d4pZXAEAnUAFtWoGL.jpg',2012),(3606,456,25,22,'The Simpsons\' twenty-fifth season began airing on Fox on September 29, 2013.\n\nIn this season, Homer sells his Mapple stock to buy a bowling ball, Marge blames herself and KISS for Bart\'s rebellious streak, Lisa becomes a cheerleader for Springfield\'s football team, and Homer delivers a baby. Guest stars for this season will include Christiane Amanpour, Will Arnett, Stan Lee, Rachel Maddow, Elisabeth Moss, Joe Namath, Gordon Ramsay, Aaron Sorkin, Eva Longoria, Daniel Radcliffe, Kristen Wiig, Billy West, Katey Sagal, John DiMaggio, Phil LaMarr, Zach Galifianakis, Harlan Ellison, Anderson Cooper, Maurice LaMarche, and Judd Apatow. This is Al Jean\'s 13th consecutive season as showrunner and 15th overall. Matt Groening, James L. Brooks, Matt Selman, and John Frink serve as executive producers.','https://image.tmdb.org/t/p/w1920_and_h800_multi_faces//fJ9uH8sRykLxC2a5RUPmcP2JFEo.jpg',2013),(3624,1399,1,10,'Trouble is brewing in the Seven Kingdoms of Westeros. For the driven inhabitants of this visionary world, control of Westeros\' Iron Throne holds the lure of great power. But in a land where the seasons can last a lifetime, winter is coming...and beyond the Great Wall that protects them, an ancient evil has returned. In Season One, the story centers on three primary areas: the Stark and the Lannister families, whose designs on controlling the throne threaten a tenuous peace; the dragon princess Daenerys, heir to the former dynasty, who waits just over the Narrow Sea with her malevolent brother Viserys; and the Great Wall--a massive barrier of ice where a forgotten danger is stirring.','https://image.tmdb.org/t/p/w1920_and_h800_multi_faces//zwaj4egrhnXOBIit1tyb4Sbt3KP.jpg',2011),(3625,1399,2,10,'The cold winds of winter are rising in Westeros...war is coming...and five kings continue their savage quest for control of the all-powerful Iron Throne. With winter fast approaching, the coveted Iron Throne is occupied by the cruel Joffrey, counseled by his conniving mother Cersei and uncle Tyrion. But the Lannister hold on the Throne is under assault on many fronts. Meanwhile, a new leader is rising among the wildings outside the Great Wall, adding new perils for Jon Snow and the order of the Night\'s Watch.','https://image.tmdb.org/t/p/w1920_and_h800_multi_faces//5tuhCkqPOT20XPwwi9NhFnC1g9R.jpg',2012),(3626,1399,3,10,'Duplicity and treachery...nobility and honor...conquest and triumph...and, of course, dragons. In Season 3, family and loyalty are the overarching themes as many critical storylines from the first two seasons come to a brutal head. Meanwhile, the Lannisters maintain their hold on King\'s Landing, though stirrings in the North threaten to alter the balance of power; Robb Stark, King of the North, faces a major calamity as he tries to build on his victories; a massive army of wildlings led by Mance Rayder march for the Wall; and Daenerys Targaryen--reunited with her dragons--attempts to raise an army in her quest for the Iron Throne.','https://image.tmdb.org/t/p/w1920_and_h800_multi_faces//7d3vRgbmnrRQ39Qmzd66bQyY7Is.jpg',2013),(3627,1399,0,52,'','https://image.tmdb.org/t/p/w1920_and_h800_multi_faces//kMTcwNRfFKCZ0O2OaBZS0nZ2AIe.jpg',2010),(3628,1399,4,10,'The War of the Five Kings is drawing to a close, but new intrigues and plots are in motion, and the surviving factions must contend with enemies not only outside their ranks, but within.','https://image.tmdb.org/t/p/w1920_and_h800_multi_faces//dniQ7zw3mbLJkd1U0gdFEh4b24O.jpg',2014),(3772,1427,1,8,'The murder of a young boy in a small coastal town brings a media frenzy, which threatens to tear the community apart.','https://image.tmdb.org/t/p/w1920_and_h800_multi_faces//fFgIyuxGTXWzjJeSyOVKwt0ksHH.jpg',2013),(3773,1427,0,7,'','https://image.tmdb.org/t/p/w1920_and_h800_multi_faces/',2013),(4573,1668,1,24,'','https://image.tmdb.org/t/p/w1920_and_h800_multi_faces//doPCLr5MdHCc98Q8tnOeAmjQiz1.jpg',1994),(4574,1668,2,24,'','https://image.tmdb.org/t/p/w1920_and_h800_multi_faces//7jTxuvYLyWBZJpxnSUhU8a7nP9X.jpg',1995),(4575,1668,3,25,'','https://image.tmdb.org/t/p/w1920_and_h800_multi_faces//lYOYwYjHkJ754lvNMiErDk548kQ.jpg',1996),(4576,1668,4,24,'','https://image.tmdb.org/t/p/w1920_and_h800_multi_faces//1dzrIHly0C3m4y5B85u8LwNiqM0.jpg',1997),(4577,1668,5,24,'','https://image.tmdb.org/t/p/w1920_and_h800_multi_faces//eHERzVmS0FalWbiG5xhL9N9WkWN.jpg',1998),(4578,1668,6,25,'','https://image.tmdb.org/t/p/w1920_and_h800_multi_faces//17CVMqSQPpfMLZEV50rFjtFsQbJ.jpg',1999),(4579,1668,7,24,'','https://image.tmdb.org/t/p/w1920_and_h800_multi_faces//zkgqWPWzgy97N2646P4qKDSxZ27.jpg',2000),(4580,1668,8,24,'','https://image.tmdb.org/t/p/w1920_and_h800_multi_faces//eX6ykN12njMQLHX4VnVOwhjCBJ3.jpg',2001),(4581,1668,9,24,'','https://image.tmdb.org/t/p/w1920_and_h800_multi_faces//6ZkatWeJV8Ggbk45h41aegYc7B2.jpg',2002),(4582,1668,10,18,'','https://image.tmdb.org/t/p/w1920_and_h800_multi_faces//ez2r6aKeoRhlL6gUK7TI9I4O8BZ.jpg',2003),(4583,1668,0,42,'Special features, bonus material, producer cuts of episodes and music videos released as part of the boxed set. Episode Order and information from the boxed set booklet and disk menus.','https://image.tmdb.org/t/p/w1920_and_h800_multi_faces//xaEj0Vw0LOmp7kBeX2vmYPb5sTg.jpg',2001),(5945,2004,4,22,'','https://image.tmdb.org/t/p/w1920_and_h800_multi_faces//neiCBO2xMFnYbUKl8mVsKkseKkZ.jpg',2002),(5946,2004,7,22,'','https://image.tmdb.org/t/p/w1920_and_h800_multi_faces//k1LxfboalBatsZwiTbEyuYNGU4f.jpg',2005),(5949,2004,5,22,'','https://image.tmdb.org/t/p/w1920_and_h800_multi_faces//6ZQdmei1OCuLA3t5QlylKwzVKEr.jpg',2003),(5950,2004,1,16,'','https://image.tmdb.org/t/p/w1920_and_h800_multi_faces//3lpqhHg3s0FqBb0lXBk0Fzodye4.jpg',2000),(6968,121,0,136,'','https://image.tmdb.org/t/p/w1920_and_h800_multi_faces//itgDlYFYw03RTTcB8RHCfplxCaq.jpg',2009),(6969,121,1,42,'The first season of British science fiction television series Doctor Who began on 23 November 1963 with the first ever story An Unearthly Child and ended on 12 September 1964 with The Reign of Terror.','https://image.tmdb.org/t/p/w1920_and_h800_multi_faces//txE3n9pprkUzTX9F1IECLHGefq6.jpg',1963),(6970,121,2,39,'The second season of British science fiction television series Doctor Who began on 31 October 1964 with the story Planet of Giants and ended on 24 July 1965 with The Time Meddler.','https://image.tmdb.org/t/p/w1920_and_h800_multi_faces//25OIBNDsW7z2YvkoGyaaiZ5yUCk.jpg',1964),(6971,121,3,45,'The third season of British science fiction television series Doctor Who began on 11 September 1965 with the story Galaxy 4 and ended on 16 July 1966 with The War Machines.','https://image.tmdb.org/t/p/w1920_and_h800_multi_faces//7Flj7DY5cDkdQEvWyWwhmWTmGtL.jpg',1965),(6972,121,4,43,'The fourth season of British science fiction television series Doctor Who began on 10 September 1966 with the 1st Doctor story The Smugglers and, after a change of lead actor part-way through the series, ended on 1 July 1967 with The Evil of the Daleks. For the first time, the entire main cast changed over the course of a single season.','https://image.tmdb.org/t/p/w1920_and_h800_multi_faces//3F5HTvT2et5Xo9SsIM6lBCGLEQ.jpg',1966),(6973,121,5,40,'The fifth season of British science fiction television series Doctor Who began on 2 September 1967 with the first story of season 5 The Tomb of the Cybermen and ended on 1 June 1968 with The Wheel in Space.','https://image.tmdb.org/t/p/w1920_and_h800_multi_faces//cx9oAvfbmhimEc52ZkeFje17Aoh.jpg',1967),(6974,121,6,44,'The sixth season of British science fiction television series Doctor Who began on 10 August 1968 with the first story of season 6 The Dominators and ended Patrick Troughton\'s reign as the Doctor with its final story The War Games.','https://image.tmdb.org/t/p/w1920_and_h800_multi_faces//7v9bMTlI8WdBaCRhh1FUPUZLu7q.jpg',1968),(6975,121,7,25,'The seventh season of British science fiction television series Doctor Who began on 3 January 1970 with Jon Pertwee\'s first story Spearhead from Space and ended with Inferno.','https://image.tmdb.org/t/p/w1920_and_h800_multi_faces//viP64YaPlDAiqLKY2GZIJ4vTWcw.jpg',1970),(6976,121,8,25,'The eighth season of British science fiction television series Doctor Who began on 2 January 1971 with Terror of the Autons and ended with The Dæmons featuring Jon Pertwee as the Third Doctor.','https://image.tmdb.org/t/p/w1920_and_h800_multi_faces//kizuLfenibc5LUrBhaxL1U4cCl5.jpg',1971),(6977,121,9,26,'The ninth season of British science fiction television series Doctor Who began on 1 January 1972 with Day of the Daleks, and ended with The Time Monster.','https://image.tmdb.org/t/p/w1920_and_h800_multi_faces//6fnWKtuHqoA6OIKeiI10XX4JF3.jpg',1972),(6978,121,10,26,'The tenth season of British science fiction television series Doctor Who began on 30 December 1972 with the 10th anniversary special The Three Doctors, and ended with Katy Manning\'s final serial The Green Death.','https://image.tmdb.org/t/p/w1920_and_h800_multi_faces//mwT2vfFbirN4bkKSFDEF9rzXqEy.jpg',1972),(6979,121,11,26,'The eleventh season of British science fiction television series Doctor Who began on 15 December 1973 with the serial The Time Warrior, and ended with Jon Pertwee\'s final serial Planet of the Spiders.','https://image.tmdb.org/t/p/w1920_and_h800_multi_faces//yjm1PbzOhBcnmwy7SB1HJ2ec9I0.jpg',1973),(6980,121,12,20,'The twelfth season of British science fiction television series Doctor Who began on 28 December 1974 with Tom Baker\'s first serial Robot and ended with Revenge of the Cybermen on 10 May 1975.\n\nThis is the first season to feature Tom Baker as the fourth incarnation of the Doctor, an alien Time Lord who travels through time and space in his TARDIS, which appears to be a British police box on the outside. He is accompanied by companions Sarah Jane Smith, continuing from season eleven, and Harry Sullivan, who joins in this season.','https://image.tmdb.org/t/p/w1920_and_h800_multi_faces//q5yjVns0Qrp3jkgJeAx61p91Kjm.jpg',1974),(6981,121,13,26,'The thirteenth season of British science fiction television series Doctor Who began on 30 August 1975 with the story Terror of the Zygons and ended with The Seeds of Doom.','https://image.tmdb.org/t/p/w1920_and_h800_multi_faces//n7Z7ehprCb9stmfQ9GPyedcfQ1O.jpg',1975),(6982,121,14,26,'The fourteenth season of British science fiction television series Doctor Who began on 4 September 1976 with The Masque of Mandragora and ended with The Talons of Weng-Chiang.','https://image.tmdb.org/t/p/w1920_and_h800_multi_faces//wqPg5N7U2L637ogn5Xjd8cW3czt.jpg',1976),(6983,121,15,26,'K-9 is introduced, Rutans invade Earth and Sontarans storm Gallifrey!','https://image.tmdb.org/t/p/w1920_and_h800_multi_faces//4W3RL8EnFmuUA4ovIu21puqrVL7.jpg',1977),(6984,121,16,26,'The sixteenth season of British science fiction television series Doctor Who began in 1 September 1978 with the episode The Ribos Operation and ended with The Armageddon Factor.','https://image.tmdb.org/t/p/w1920_and_h800_multi_faces//jhVl0fM8N5kNP2XojAzhnPbCum1.jpg',1978),(6985,121,17,26,'The seventeenth season of British science fiction television series Doctor Who began on 1 September 1979 with the story Destiny of the Daleks and ended with Horns of Nimon -- although the usual season 6-episode closing story, Shada, was not televised.','https://image.tmdb.org/t/p/w1920_and_h800_multi_faces//grNR3ujLkMWSulXJLg3b7qjuFH6.jpg',1979),(6986,121,18,28,'The eighteenth season of British science fiction television series Doctor Who began on 30 August 1980 with the serial The Leisure Hive and ended with Tom Baker\'s swan song Logopolis.','https://image.tmdb.org/t/p/w1920_and_h800_multi_faces//3Az1mJajXBPlgpNAwb47xQnq5ms.jpg',1980),(6987,121,19,26,'The nineteenth season of British science fiction television series Doctor Who began on 4 January 1982 with Castrovalva, and ended with Time-Flight.','https://image.tmdb.org/t/p/w1920_and_h800_multi_faces//6VKGkAEItVApuVA3YlO53PYEuhw.jpg',1982),(6988,121,20,22,'The twentieth season of British science fiction television series Doctor Who began on 3 January 1983 with the story Arc of Infinity, and ended 16 March 1983 with The King\'s Demons. A 20th Anniversary special, The Five Doctors, followed in November 1983.','https://image.tmdb.org/t/p/w1920_and_h800_multi_faces//ebtEqg5eyZFBd446xERZPeOsPgg.jpg',1983),(6989,121,21,26,'The twenty-first season of British science fiction television series Doctor Who began on 5 January 1984 with the 5th Doctor serial Warriors of the Deep, and ended with Colin Baker\'s first serial The Twin Dilemma. For only the second time, the entire TARDIS crew changed over the course of a single season.','https://image.tmdb.org/t/p/w1920_and_h800_multi_faces//22AydUd2eM0QWMrxPPY8JlKd1cz.jpg',1984),(6990,121,22,13,'The twenty-second season of British science fiction television series Doctor Who began on 5 January 1985 with the serial Attack of the Cybermen, and ended with Revelation of the Daleks.','https://image.tmdb.org/t/p/w1920_and_h800_multi_faces//x3A3q3W4TxFu1PePEP9y0yNEqsp.jpg',1985),(6991,121,24,14,'The twenty-fourth season of British science fiction television series Doctor Who began on 7 September 1987 with Sylvester McCoy\'s first story Time and the Rani, and ended with Dragonfire.','https://image.tmdb.org/t/p/w1920_and_h800_multi_faces//t4SwXEWJ7fCb6l6ZqdyfDsZCRil.jpg',1987),(6992,121,25,14,'The twenty-fifth season of British science fiction television series Doctor Who began on 5 October 1988 with the serial Remembrance of the Daleks, and ended with The Greatest Show in the Galaxy.','https://image.tmdb.org/t/p/w1920_and_h800_multi_faces//x8ALIgbMTw4KTDvh3yqpJsr65wB.jpg',1988),(6993,121,26,14,'The twenty-sixth season of British science fiction television series Doctor Who began on 9 September 1989 with the serial Battlefield, after a regular series of four serials was broadcast finishing with Survival which was the final episode of Doctor Who to air before a 16-year absence from episodic television following its cancellation.','https://image.tmdb.org/t/p/w1920_and_h800_multi_faces//i9hQAG0lxa6xLM442ofKTg7lyM9.jpg',1989),(6994,121,23,14,'The Trial of a Time Lord is a 14-part British science fiction serial of the long-running BBC series Doctor Who. The serial, produced as the twenty-third season of the Doctor Who television series, aired in weekly episodes from 6 September to 6 December 1986. The only Doctor Who presentation of its kind, it contains four mini-adventures, The Mysterious Planet, Mindwarp, Terror of the Vervoids and ended with Colin Baker\'s final story The Ultimate Foe.\n\nThe idea for the serial stemmed from several production changes to Doctor Who, such as reduced screen time for the season and a request from BBC controller Michael Grade that the series contain less violence and more humour. Several problems occurred during production, including the death of scriptwriter Robert Holmes, and the resignation of script editor Eric Saward.','https://image.tmdb.org/t/p/w1920_and_h800_multi_faces//qDY6BnXfGsnw66dUqOVUJTlKXiu.jpg',1986),(11840,4000,1,10,'','https://image.tmdb.org/t/p/w1920_and_h800_multi_faces/',2003),(11842,4000,2,10,'','https://image.tmdb.org/t/p/w1920_and_h800_multi_faces/',2004),(11843,4000,3,20,'','https://image.tmdb.org/t/p/w1920_and_h800_multi_faces/',2004),(11844,4000,4,12,'','https://image.tmdb.org/t/p/w1920_and_h800_multi_faces/',2006),(23945,12998,5,40,'','https://image.tmdb.org/t/p/w1920_and_h800_multi_faces/',1997),(23946,12998,3,26,'','https://image.tmdb.org/t/p/w1920_and_h800_multi_faces/',1996),(23947,12998,1,38,'','https://image.tmdb.org/t/p/w1920_and_h800_multi_faces/',1994),(23948,12998,6,40,'','https://image.tmdb.org/t/p/w1920_and_h800_multi_faces/',1999),(23949,12998,2,27,'','https://image.tmdb.org/t/p/w1920_and_h800_multi_faces/',1995),(23950,12998,4,39,'','https://image.tmdb.org/t/p/w1920_and_h800_multi_faces/',1997),(45952,35185,1,26,'','https://image.tmdb.org/t/p/w1920_and_h800_multi_faces/',0),(45953,35185,2,26,'','https://image.tmdb.org/t/p/w1920_and_h800_multi_faces/',0),(45954,35185,3,26,'','https://image.tmdb.org/t/p/w1920_and_h800_multi_faces/',0),(45955,35185,4,26,'','https://image.tmdb.org/t/p/w1920_and_h800_multi_faces/',0),(58468,57243,1,13,'','https://image.tmdb.org/t/p/w1920_and_h800_multi_faces//9Jt2FFCAME7eHDC28r4qCHErhhF.jpg',2005),(58469,57243,2,13,'','https://image.tmdb.org/t/p/w1920_and_h800_multi_faces//oXVmsIkZCgJDNcZJJxzvV7zwyb1.jpg',2006),(58470,57243,3,13,'','https://image.tmdb.org/t/p/w1920_and_h800_multi_faces//67xbjSv353G2rqQIs6dnDKc6P11.jpg',2007),(58471,57243,4,13,'','https://image.tmdb.org/t/p/w1920_and_h800_multi_faces//h6hogh9U371q87XLhvrJbczg8lm.jpg',2008),(58472,57243,5,13,'','https://image.tmdb.org/t/p/w1920_and_h800_multi_faces//hUsQerEeMqsu9cVYzMEB2OGJjrw.jpg',2010),(58473,57243,6,13,'The Doctor returns, alongside newly weds Amy and Rory, to face monsters and mysteries and adventures all across time and space. Together they find themselves in sixties America, battling the invasion the world forgot, then aboard a pirate ship on the high seas of 1696, to solve the mystery of the Siren. In a bubble universe at the edge of reality, the Doctor meets an old friend with a new face.','https://image.tmdb.org/t/p/w1920_and_h800_multi_faces//xmfMcVkVer5r33QhA4e2DpIR78B.jpg',2011),(58474,57243,7,13,'Doctor Who\'s seventh series was the show\'s third and final series in which Matt Smith, Karen Gillan and Arthur Darvill played the eleventh incarnation of the Doctor and his companions Amy Pond and Rory Williams respectively. Gillan and Darvill departed the series in the fifth episode, after which a new companion named Clara Oswald joined the Doctor, played by Jenna-Louise Coleman, remaining with the series for its second half. Smith stayed for one year longer than Gillan and Darvill, and will depart the series after the 2013 specials.','https://image.tmdb.org/t/p/w1920_and_h800_multi_faces//6biGcR0OyFnKRxxUW7bGtK49wTd.jpg',2012),(58475,57243,8,12,'The season ushers in an exciting new era for the show as Peter Capaldi steps into the role of the Doctor. Fans first got a glimpse of Capaldi\'s Doctor in November\'s 50th Anniversary Special, and again in the final minutes of last year\'s Christmas Special, but the upcoming season premiere marks the first full episode for the Twelfth Doctor. Capaldi will be joined by Jenna Coleman, who returns as companion Clara Oswald, and Samuel Anderson who joins the cast as Danny Pink, a teacher at Coal Hill School where Clara also works.','https://image.tmdb.org/t/p/w1920_and_h800_multi_faces//wLxULmhnIM1wbzjzvFnEq8YXtFB.jpg',2014),(58476,57243,0,158,'The specials of the British science fiction television series Doctor Who include the yearly Christmas specials as well as anniversary episodes, preview episodes, webisodes, and all other non-season episodes.  Also included is the series Doctor Who Extra.','https://image.tmdb.org/t/p/w1920_and_h800_multi_faces//Shm5ZavLApx6HMFWviKP5Sx1J8.jpg',2005),(62090,1399,5,10,'The War of the Five Kings, once thought to be drawing to a close, is instead entering a new and more chaotic phase. Westeros is on the brink of collapse, and many are seizing what they can while the realm implodes, like a corpse making a feast for crows.','https://image.tmdb.org/t/p/w1920_and_h800_multi_faces//527sR9hNDcgVDKNUE3QYra95vP5.jpg',2015),(62103,456,26,22,'In this season, Homer and Bart attempt to solve some father/son conflicts, Marge opens a sandwich franchise, the Simpsons meet their former selves, Bart schemes to bring down his new fourth grade teacher, Homer has a mid-life crisis, and the cast of Futurama make an appearance in Springfield.','https://image.tmdb.org/t/p/w1920_and_h800_multi_faces//nvEHDDK3dkOKwawXiUp9YIJkVZb.jpg',2014),(63912,1427,2,8,'Still haunted by the case involving the murder of 11-year-old Danny Latimer, DI Alec Hardy and DS Ellie Miller pick themselves up and continue their investigative work, all the while dealing with the far-reaching consequences of the earlier case.','https://image.tmdb.org/t/p/w1920_and_h800_multi_faces//rEvwy8L1byLxkekBmu8PP3rEuCO.jpg',2016),(64188,57243,9,12,'Now that the Doctor and Clara have established a dynamic as a partnership of equals, they’re relishing the fun and thrills that all of space and time has to offer. Tangling with ghosts, Vikings and the ultimate evil of the Daleks, they embark on their biggest adventures yet. Missy is back to plague the Doctor once more, the Zygons inspire fear as they shape-shift into human clones, and a new arrival moves in cosmic ways.','https://image.tmdb.org/t/p/w1920_and_h800_multi_faces//uidaCdI0hKiZGfMzWHNMYeNZyV7.jpg',2015),(67851,1427,3,8,'Series 3, the final series, starts three years on from the last series, five years on from the start with a bold new crime story which forces us to ask whether the town has a crack running through it caused by Danny Latimer’s death; is this new crime somehow the long-term legacy of that dark moment?','https://image.tmdb.org/t/p/w1920_and_h800_multi_faces//1U2yss7kbA7UGWy1tEoStdpQYt1.jpg',2017),(68067,456,27,22,'','https://image.tmdb.org/t/p/w1920_and_h800_multi_faces//egAz2cHUCd8qwPTxvLLFuhNAtkh.jpg',2015),(68638,63247,1,10,'Westworld - a theme park where guests indulge fantasies with robots, a destination offering the future of sin, the artificial intelligence that fuels it and the humans that sense there\'s something more sinister at play.','https://image.tmdb.org/t/p/w1920_and_h800_multi_faces//zKGZJ3Ll3vOHrCk9B0Z0Pr18qnV.jpg',2016),(71881,1399,6,10,'Following the shocking developments at the conclusion of season five, survivors from all parts of Westeros and Essos regroup to press forward, inexorably, towards their uncertain individual fates. Familiar faces will forge new alliances to bolster their strategic chances at survival, while new characters will emerge to challenge the balance of power in the east, west, north and south.','https://image.tmdb.org/t/p/w1920_and_h800_multi_faces//zvYrzLMfPIenxoq2jFY4eExbRv8.jpg',2016),(74331,65494,1,10,'As a young Elizabeth becomes Queen, she must manage major political issues and personal matters, which often clash in ways she never imagined.','https://image.tmdb.org/t/p/w1920_and_h800_multi_faces//6TKuHmdHdeeZkLdYxsIV099N8I6.jpg',2016),(76615,57243,10,12,'Doctor Who, Season 10 sees Peter Capaldi embark on his thrilling final chapter as the Twelfth Doctor as well as the introduction of brand new companion Pearl Mackie as Bill Potts and the return of Matt Lucas as Nardole. Fantastic adventures and terrifying monsters await the team of heroes as they journey through space and time. Expect laughter, danger and exhilarating escapades in this final season under the helm of lead writer and executive producer Steven Moffat.','https://image.tmdb.org/t/p/w1920_and_h800_multi_faces//8HPLQQqTPfy7Oiligw9FXcfig9w.jpg',2017),(78415,67070,1,6,'A hilarious, poignant window into the mind of a dry-witted, angry, grief-riddled woman.','https://image.tmdb.org/t/p/w1920_and_h800_multi_faces//2fmsjdLoBEkfhcelg9ZUAHz2pfs.jpg',2016),(80361,456,28,22,'','https://image.tmdb.org/t/p/w1920_and_h800_multi_faces//h65SjhdaQ100fXb1JA4EbIsLwgL.jpg',2016),(81266,1399,7,7,'The long winter is here. And with it comes a convergence of armies and attitudes that have been brewing for years.','https://image.tmdb.org/t/p/w1920_and_h800_multi_faces//3dqzU3F3dZpAripEx9kRnijXbOj.jpg',2017),(85133,65494,2,10,'As a new era begins, Queen Elizabeth struggles to navigate a world that\'s changing around her while preserving both the monarchy and her marriage.','https://image.tmdb.org/t/p/w1920_and_h800_multi_faces//mYXmtAqu6l2OGxk5xzCyXFvFhfz.jpg',2017),(85859,70573,1,10,'','https://image.tmdb.org/t/p/w1920_and_h800_multi_faces//37xhnEuDlYKP0bkl3kqSR6dEx2U.jpg',2017),(91255,456,29,21,'','https://image.tmdb.org/t/p/w1920_and_h800_multi_faces//s1iNPNxaqdv7a9LoRWJ4Xrrb501.jpg',2017),(97100,57243,11,10,'','https://image.tmdb.org/t/p/w1920_and_h800_multi_faces//3EcYZhBMAvVw4czcDLg9Sd0FuzQ.jpg',2018),(98895,63247,2,10,'The reckoning is here. After finding the center of The Maze, the hosts revolt against their human captors while searching for a new purpose: The Door.','https://image.tmdb.org/t/p/w1920_and_h800_multi_faces//1SupbbgG4nDHnmGk37d46u2oT5Z.jpg',2018),(105067,70573,2,10,'New faces, big life changes and the pressures of showbiz stoke tensions on set as Ruth and the gang try to take their show to the next level.','https://image.tmdb.org/t/p/w1920_and_h800_multi_faces//nVe7QbnljM7DjtQC39lWhIXaMat.jpg',2018),(107971,1399,8,6,'The Great War has come, the Wall has fallen and the Night King\'s army of the dead marches towards Westeros. The end is here, but who will take the Iron Throne?','https://image.tmdb.org/t/p/w1920_and_h800_multi_faces//39FHkTLnNMjMVXdIDwZN8SxYqD6.jpg',2019),(108815,65494,3,10,'As the 1960s and \'70s unfold, the royal family contends with conflict and betrayal while striving to uphold tradition in the face of an evolving world.','https://image.tmdb.org/t/p/w1920_and_h800_multi_faces//sgUNbsq2zGRpFCOPv5yuCR9WAd5.jpg',2019),(110088,456,30,23,'','https://image.tmdb.org/t/p/w1920_and_h800_multi_faces//sj24nG5NSTiz8kR7YstmTR3h1AQ.jpg',2018),(110346,82856,1,8,'','https://image.tmdb.org/t/p/w1920_and_h800_multi_faces//sUTqIb82LxYhPT0SfI8AR03GLpz.jpg',2019),(113677,63247,0,28,'','https://image.tmdb.org/t/p/w1920_and_h800_multi_faces/',2018),(119212,67070,2,6,'Joyful, bleak, poignant and sucker-punch funny. Delving further into the world of Fleabag','https://image.tmdb.org/t/p/w1920_and_h800_multi_faces//tivjTfxoptJTguO01gKipQzQWtz.jpg',2019),(126074,70573,3,10,'','https://image.tmdb.org/t/p/w1920_and_h800_multi_faces//puMlAuqxnFFH4UYMdDXeCxweneE.jpg',2019),(128116,63247,3,8,'Taking place immediately after the events of the second season, Dolores develops a relationship with Caleb in neo-Los Angeles, and learns how robots are treated in the real world. Meanwhile, Maeve finds herself in another Delos park, this one with a World War II theme and set in Fascist Italy.','https://image.tmdb.org/t/p/w1920_and_h800_multi_faces//eFWtQwYetPum9RvCmqkUk2aiBIi.jpg',2020),(131143,456,31,22,'','https://image.tmdb.org/t/p/w1920_and_h800_multi_faces//tAqaCYauV6TGaU4Q9ALipgFl20V.jpg',2019),(135741,57243,12,10,'','https://image.tmdb.org/t/p/w1920_and_h800_multi_faces//hAbyx9aDHPrjAVeublzsJ3kFTBv.jpg',2020),(142451,65494,4,0,'','https://image.tmdb.org/t/p/w1920_and_h800_multi_faces/',0);
/*!40000 ALTER TABLE `season` ENABLE KEYS */;
UNLOCK TABLES;

--
-- Table structure for table `seen`
--

DROP TABLE IF EXISTS `seen`;
/*!40101 SET @saved_cs_client     = @@character_set_client */;
/*!40101 SET character_set_client = utf8 */;
CREATE TABLE `seen` (
  `user_id` int(11) NOT NULL,
  `episode_id` int(11) NOT NULL,
  PRIMARY KEY (`user_id`,`episode_id`),
  KEY `fk_seen_episode_id` (`episode_id`),
  CONSTRAINT `fk_seen_episode_id` FOREIGN KEY (`episode_id`) REFERENCES `episode` (`id`),
  CONSTRAINT `fk_seen_user_id` FOREIGN KEY (`user_id`) REFERENCES `user` (`id`)
) ENGINE=InnoDB DEFAULT CHARSET=latin1;
/*!40101 SET character_set_client = @saved_cs_client */;

--
-- Dumping data for table `seen`
--

LOCK TABLES `seen` WRITE;
/*!40000 ALTER TABLE `seen` DISABLE KEYS */;
/*!40000 ALTER TABLE `seen` ENABLE KEYS */;
UNLOCK TABLES;

--
-- Table structure for table `tvshow`
--

DROP TABLE IF EXISTS `tvshow`;
/*!40101 SET @saved_cs_client     = @@character_set_client */;
/*!40101 SET character_set_client = utf8 */;
CREATE TABLE `tvshow` (
  `id` int(11) NOT NULL,
  `img` varchar(255) NOT NULL,
  `title` varchar(255) NOT NULL,
  `synopsis` text NOT NULL,
  `year` int(11) NOT NULL,
  PRIMARY KEY (`id`)
) ENGINE=InnoDB DEFAULT CHARSET=latin1;
/*!40101 SET character_set_client = @saved_cs_client */;

--
-- Dumping data for table `tvshow`
--

LOCK TABLES `tvshow` WRITE;
/*!40000 ALTER TABLE `tvshow` DISABLE KEYS */;
INSERT INTO `tvshow` VALUES (1,'https://image.tmdb.org/t/p/w1920_and_h800_multi_faces/yGNnjoIGOdQy3douq60tULY8teK.jpg','Westworld','A dark odyssey about the dawn of artificial consciousness and the evolution of sin. Set at the intersection of the near future and the reimagined past, it explores a world in which every human appetite, no matter how noble or depraved, can be indulged.',1990),(2,'https://image.tmdb.org/t/p/w1920_and_h800_multi_faces//xunXvzFlkf1GGgMkCySA9CCFumB.jpg','Clerks: The Animated Series','Clerks is an American animated sitcom based on Kevin Smith\'s 1994 comedy of the same name. It was developed for television by Smith, Smith\'s producing partner Scott Mosier and former Seinfeld writer David Mandel with character designs by Stephen Silver.',2000),(4,'https://image.tmdb.org/t/p/w1920_and_h800_multi_faces//jEWIXx9Bv35t15yfSODJ55JrxJM.jpg','The Amazing Mrs Pritchard','Supermarket manager Ros Pritchard decides to stand for election and her steady gains of support gives rise to thoughts of becoming Prime Minister.',2006),(10,'https://image.tmdb.org/t/p/w1920_and_h800_multi_faces//h9qveCyL3m6tNOrdhUabZk7khKt.jpg','All in Good Faith','British sitcom in which Reverend Philip Lambe, after becoming bored in his wealthy Oxfordshire parish, asks for a transfer to a more difficult assignment. Sent to Edendale, a fictional urban town in the Midlands, he is accompanied by his wife Emma, sixteen-year-old daughter Miranda and twelve-year-old son Peter.',1985),(121,'https://image.tmdb.org/t/p/w1920_and_h800_multi_faces//hBu3rDGLIlXwZkBeKgBYTWpgdIk.jpg','Doctor Who','The adventures of a Time Lord—a time-travelling humanoid alien known as the Doctor—who explores the universe in his TARDIS, a sentient time-travelling space ship. Its exterior appears as a blue British police box, which was a common sight in Britain in 1963 when the series first aired. Along with a succession of companions, the Doctor faces a variety of foes while working to save civilisations, help ordinary people, and right wrongs.',1963),(230,'https://image.tmdb.org/t/p/w1920_and_h800_multi_faces//hKZL0OVHfKxuCPnhhCQl7nVkPRf.jpg','The New Scooby and Scrappy-Doo Show','The New Scooby and Scrappy Doo Show is the sixth incarnation of the Hanna-Barbera Saturday morning cartoon Scooby-Doo. It premiered on September 10, 1983, and ran for one season on ABC as a half-hour program made up of two eleven-minute short cartoons. \n\nThe show is a return to the mystery solving format and reintroduces Daphne after a four-year absence. The plots of each episode feature her, Shaggy, Scooby-Doo, and Scrappy-Doo solving supernatural mysteries under the cover of being reporters for a teen magazine.',1983),(400,'https://image.tmdb.org/t/p/w1920_and_h800_multi_faces//pBUzdT8840AATvyZ7HdPz8Z9evt.jpg','Shark','Notorious Los Angeles defense attorney Sebastian Stark becomes disillusioned with his career after his successful defense of a wife-abuser results in the wife\'s death. After more than a month trying to come to grips with his situation, he is invited by the Los Angeles district attorney to become a public prosecutor so he can apply his unorthodox-but-effective talents to putting guilty people away instead of putting them back on the street.',2006),(456,'https://image.tmdb.org/t/p/w1920_and_h800_multi_faces//qcr9bBY6MVeLzriKCmJOv1562uY.jpg','The Simpsons','Set in Springfield, the average American town, the show focuses on the antics and everyday adventures of the Simpson family; Homer, Marge, Bart, Lisa and Maggie, as well as a virtual cast of thousands. Since the beginning, the series has been a pop culture icon, attracting hundreds of celebrities to guest star. The show has also made name for itself in its fearless satirical take on politics, media and American life in general.',1989),(500,'https://image.tmdb.org/t/p/w1920_and_h800_multi_faces//vvnslQjc1LnERuroGVh8bPdBi2r.jpg','Mad About You','Young, urban newlyweds Paul and Jamie Buchman try to sustain their marital bliss while sidestepping the hurdles of love in the \'90s.',1992),(600,'https://image.tmdb.org/t/p/w1920_and_h800_multi_faces//nvwB6VjLXljXQseRuhZVbt0bEkP.jpg','Renegade','Framed for murder, Detective Reno Raines becomes a fugitive bounty hunter who fights crime while trying to clear his name. His troubles began after he testified about police corruption, leading Lt. Donald Dixon to set him up.',1992),(608,'https://image.tmdb.org/t/p/w1920_and_h800_multi_faces//fGWYALZ4yi6lVX4WbCFVzYjstog.jpg','Bo\' Selecta!','Bo\' Selecta! is a British sketch show written and performed by Leigh Francis, which lampoons popular culture and is known for its often surreal, abstract toilet humour.',2002),(640,'https://image.tmdb.org/t/p/w1920_and_h800_multi_faces//m3qRKAArdfXLorhu8YdUpbpRK7t.jpg','Room Raiders','Room Raiders is a \"dating/reality\" series on MTV.',0),(888,'https://image.tmdb.org/t/p/w1920_and_h800_multi_faces//pIBuyai7QtNVZuLEn3eeQiyb50C.jpg','Spider-Man','Spider-Man, also known as Spider-Man: The Animated Series, was an American animated television series based on the Marvel Comics superhero, Spider-Man. The show ran on Fox Kids from November 19, 1994, to January 31, 1998. The producer/story editor was John Semper, Jr. and the production company was Marvel Films Animation. The instrumental theme song for the series was performed by Joe Perry of Aerosmith. Reruns can currently be seen for free at Marvel.com.',1994),(900,'https://image.tmdb.org/t/p/w1920_and_h800_multi_faces//wlsrQoRRy1zh4k45sPVhVWRakdJ.jpg','Skins','Irreverent comedy drama which follows the messy lives, loves, delirious highs and inevitable lows of a group of raucous teenage friends in Bristol.',2007),(1235,'https://image.tmdb.org/t/p/w1920_and_h800_multi_faces/','The Daily Buzz','The Daily Buzz is a nationally-syndicated breakfast television news and infotainment program. The show is owned and produced by Mojo Brands Media, and it originates every weekday morning from studios at Full Sail University in Winter Park, Florida. The show caters to a younger-skewing audience demographic and has a more informal atmosphere in comparison to its morning counterparts.\n\nPremiering on 10 stations on September 16, 2002, The Daily Buzz is currently carried on stations in 180 U.S. television markets. The show normally airs for 3 hours every day in the 6:00AM-9:00AM time slot, with start and running times varying by market. The show is also streamed live-to-air on its TheDBZ.com website.',0),(1396,'https://image.tmdb.org/t/p/w1920_and_h800_multi_faces//ggFHVNu6YYI5L9pCfOacjizRGt.jpg','Breaking Bad','When Walter White, a New Mexico chemistry teacher, is diagnosed with Stage III cancer and given a prognosis of only two years left to live. He becomes filled with a sense of fearlessness and an unrelenting desire to secure his family\'s financial future at any cost as he enters the dangerous world of drugs and crime.',2008),(1399,'https://image.tmdb.org/t/p/w1920_and_h800_multi_faces//u3bZgnGQ9T01sWNhyveQz0wH0Hl.jpg','Game of Thrones','Seven noble families fight for control of the mythical land of Westeros. Friction between the houses leads to full-scale war. All while a very ancient evil awakens in the farthest north. Amidst the war, a neglected military order of misfits, the Night\'s Watch, is all that stands between the realms of men and icy horrors beyond.',2011),(1427,'https://image.tmdb.org/t/p/w1920_and_h800_multi_faces//f5gQRyTZ3v4asugU2F5HXE2FIDg.jpg','Broadchurch','The murder of a young boy in a small coastal town brings a media frenzy, which threatens to tear the community apart.',2013),(1668,'https://image.tmdb.org/t/p/w1920_and_h800_multi_faces//f496cm9enuEsZkSPzCwnTESEK5s.jpg','Friends','The misadventures of a group of friends as they navigate the pitfalls of work, life and love in Manhattan.',1994),(2000,'https://image.tmdb.org/t/p/w1920_and_h800_multi_faces//MOuP7Ofm7zWaBC6cinQlKVh1JM.jpg','Ratz','The show stars two rats, Rapido and Razmo, aboard the S.S. Wanderer, a cheese ship with no actual destination. The focus of the series is on the adventures of the two rats, including guarding the cheese, interacting with other stowaways and various ill-fated encounters with the crew. The rats themselves live in the hull of the ship in a lavish two-bedroom apartment.',2003),(2004,'https://image.tmdb.org/t/p/w1920_and_h800_multi_faces//uwslHj6nEyPX5IbNXhuEeI0PTth.jpg','Malcolm in the Middle','A gifted young teen tries to survive life with his dimwitted, dysfunctional family.',2000),(2346,'https://image.tmdb.org/t/p/w1920_and_h800_multi_faces/','Cool Zone','Cool Zone was an Australian television series which was broadcast on community television station, C31 Adelaide in Adelaide, South Australia. The show was aimed at a wide demographic with a focus on teenagers and was hosted by M-Cool. Each episode lasted for approximately five minutes plus commercials. Cool Zone consisted of numerous segments per episode but usually a consistent subject matter and shoot location.\n\nThe program first aired in August 2005 with C31 commissioning a first season run of 24 episodes. Despite a cult following the program was axed after just four weeks and replaced by repeats of the SA Sports Show. Several Australian commercial networks expressed interest in picking up Cool Zone in 2006 but could not reach agreement with M-Cool.',0),(2350,'https://image.tmdb.org/t/p/w1920_and_h800_multi_faces/','Noh Matta Wat!','Noh Matta Wat! is a Belizean dramatic television series. It airs on Great Belize Television ; Tropical Vision Limited and Krem Television.\n\nIt was created by the local advertising company 13 Productions, headed by businessman Denvor Fairweather, in conjunction with American film producer and Howard University professor Steve T. Berry. Fairweather is creator and executive producer; Berry is producer and director.',0),(4000,'https://image.tmdb.org/t/p/w1920_and_h800_multi_faces//mi4Ea33x4BBbSbHJOtoVCYvBZEX.jpg','Romeo!','Romeo! is an American/Canadian television series that aired on Nickelodeon from 2003 to 2006, totaling 53 episodes. The filming was done in Vancouver, British Columbia, while the show takes place in Seattle, Washington.\n\nReruns occasionally aired on Nickelodeon, CBS, BET and The N until December 26, 2008. The series was produced by Tom Lynch Company and P. Miller Collection in association with Nickelodeon Productions.',2003),(4050,'https://image.tmdb.org/t/p/w1920_and_h800_multi_faces/','Louis Theroux\'s Weird Weekends','Louis Theroux which delves into the weirder fringes of American society.',1998),(6000,'https://image.tmdb.org/t/p/w1920_and_h800_multi_faces//5J3RePbjbYwimFGow3tSpw0vWaY.jpg','Celebrity Juice','The outrageous comedy panel show hosted by the irrepressible Keith Lemon. Each episode sees top celebrities going head to head in a series of hilarious rounds unlike any other panel show.',2008),(8048,'https://image.tmdb.org/t/p/w1920_and_h800_multi_faces//akbF6iDn1Jy4X88xRaZmtyRshN3.jpg','James May\'s Big Ideas','James May\'s Big Ideas is a three-part British television miniseries in which James May, a journalist and self-acknowledged geek travels the globe in search of implementations for concepts widely considered science fiction, or his big ideas. The series is produced by the BBC and the Open University and began airing at 8pm on Sundays on 28 September 2008.\n\nThe first episode documents his search for the ultimate form of personal transport, ranging from jetpacks to flying cars. In the second episode, May looks at bionics and robotics and if robots can exceed the boundaries of their programming. The third episode focuses on energy.',2008),(9999,'https://image.tmdb.org/t/p/w1920_and_h800_multi_faces/','The Sports List','The Sports List is a television news show in which Summer Sanders counted down top ten lists of various sports topics. The show premiered August 1, 2004 on Fox Sports Net and the last episode aired September 7, 2004. Summer Sanders would start off the show by explaining the topic and then would count up the list from ten to one. During each segment on the show there were celebrities or sports analysts giving their input on each list item. Some topics included: Best Athletes Without Rings, The Best Shortstops, and The Most Hated People In Sports. The show still airs occasionally in reruns on FSN.',0),(12998,'https://image.tmdb.org/t/p/w1920_and_h800_multi_faces//sZDR8Jl6mjFZ2th2zEb5tqwqwXy.jpg','Heartbreak High','The in and out of the classroom lives of a group of students who attend the fictional Hartley High School in Sydney.',1994),(35185,'https://image.tmdb.org/t/p/w1920_and_h800_multi_faces//8WDoQjQnBbK2ypflJRiIMS5EG4w.jpg','GLOW: Gorgeous Ladies of Wrestling','',1986),(57243,'https://image.tmdb.org/t/p/w1920_and_h800_multi_faces//cDDb7WA2i7cENhkEEjXEDrXGyNL.jpg','Doctor Who','The Doctor is a Time Lord: a 900 year old alien with 2 hearts, part of a gifted civilization who mastered time travel. The Doctor saves planets for a living—more of a hobby actually, and the Doctor\'s very, very good at it.',2005),(63247,'https://image.tmdb.org/t/p/w1920_and_h800_multi_faces/yGNnjoIGOdQy3douq60tULY8teK.jpg','Westworld','A dark odyssey about the dawn of artificial consciousness and the evolution of sin. Set at the intersection of the near future and the reimagined past, it explores a world in which every human appetite, no matter how noble or depraved, can be indulged.',1990),(65494,'https://image.tmdb.org/t/p/w1920_and_h800_multi_faces//uT4HL776Up8LgjqfmmGtGKSDgvT.jpg','The Crown','The gripping, decades-spanning inside story of Her Majesty Queen Elizabeth II and the Prime Ministers who shaped Britain\'s post-war destiny. \n\nThe Crown tells the inside story of two of the most famous addresses in the world – Buckingham Palace and 10 Downing Street – and the intrigues, love lives and machinations behind the great events that shaped the second half of the 20th century. Two houses, two courts, one Crown.',2016),(67070,'https://image.tmdb.org/t/p/w1920_and_h800_multi_faces//27vEYsRKa3eAniwmoccOoluEXQ1.jpg','Fleabag','Fleabag is thrown roughly up against the walls of contemporary London, sleeping with  anyone who dares to stand too close, squeezing money from wherever she  can, rejecting anyone who tries to help her, and keeping up her bravado throughout.',2016),(70573,'https://image.tmdb.org/t/p/w1920_and_h800_multi_faces//aqQlgRgUwVTfbdxe33vfDEMiCa2.jpg','GLOW','In 1980s LA, a crew of misfits reinvent themselves as the Gorgeous Ladies of Wrestling.',2017),(82856,'https://image.tmdb.org/t/p/w1920_and_h800_multi_faces//BbNvKCuEF4SRzFXR16aK6ISFtR.jpg','The Mandalorian','After the fall of the Galactic Empire, lawlessness has spread throughout the galaxy. A lone gunfighter makes his way through the outer reaches, earning his keep as a bounty hunter.',2019);
/*!40000 ALTER TABLE `tvshow` ENABLE KEYS */;
UNLOCK TABLES;

--
-- Table structure for table `user`
--

DROP TABLE IF EXISTS `user`;
/*!40101 SET @saved_cs_client     = @@character_set_client */;
/*!40101 SET character_set_client = utf8 */;
CREATE TABLE `user` (
  `id` int(11) NOT NULL AUTO_INCREMENT,
  `username` varchar(255) NOT NULL,
  `password` varchar(255) NOT NULL,
  `firstname` varchar(255) NOT NULL,
  `lastname` varchar(255) NOT NULL,
  `email` varchar(320) NOT NULL,
  PRIMARY KEY (`id`)
) ENGINE=InnoDB AUTO_INCREMENT=88 DEFAULT CHARSET=latin1;
/*!40101 SET character_set_client = @saved_cs_client */;

--
-- Dumping data for table `user`
--

LOCK TABLES `user` WRITE;
/*!40000 ALTER TABLE `user` DISABLE KEYS */;
INSERT INTO `user` VALUES (74,'Jo','$2y$10$UIIXP9iNcA6mOcuHJCTtre2nP/06pTIEy5cUCWpWniBK/PRtVSffm','Jo','Jo','jo@gmail.com'),(75,'tu','$2y$10$NPutp2UqQXKUdA9mYHXMnu.bmf059G9AxOeBtNMBUezNJgSclGvFO','tu','tu','tu@gmail.com'),(76,'test','$2y$10$9GsmKtLiwBayBHm3B0I/N.utE1niY2yD7.YRdxWN4AWYrp6r2ujAC','test','test','test@test.com'),(78,'test5555','$2y$10$tXJLZfO3vhDA.s4ThAYt0.tA0dYuvicjAghZvJXqt7.tidp5LxA/K','test3','test2','testeeeee@t.com'),(79,'az','$2y$10$2wxPJpaRRIyBptDllon7u.tngFnJg0sIj5c/S805lpMXZQHHuSf8m','az','az','azerty@azerty.com'),(80,'MrsDelenne','$2y$10$hmlvQxX/1aLzm5KObjhogOOkRiSHJNLq9qyenFGAFmNLj23X//OEa','Eléonore','Delenne','eleonore.delenne@gmail.com'),(81,'Jeff','$2y$10$PMhr4J0t0prs7njOALQuLeJWfi4R6zWpGXdZE9TwTky8Qi7Ru9q32','Jeff','D','geoffrey.delenne@gmail.com'),(82,'etest','$2y$10$5mhNJ6j9PJbH6L7WWxhKD...CpNbPBTAL3U1/5D3kTJ2Z7CVEYd56','test','testtest2','teeeest@t.com'),(83,'azerty','$2y$10$uDqoeULthx6ST2G00RDhCOX.gjVAMvAkGXzC5O/goSwsX2ohRUXR2','azerty','azerty','aze@rty.com'),(84,'az','$2y$10$59Hnzg.7C/Rg368a0vzAi.0ZGf02HqO2owQJVWCxewrePuTyzMgp2','az','az','az@az.com'),(85,'qs','$2y$10$5IFPlzDJ7dco./6kE31c8O3sZbXHWeXPUszZg9ZpVJymwkYfPpAzi','qs','qs','qs@qs.com'),(86,'wx','$2y$10$f5uxUBF/LXcGmwKb2z5RreMHxjo3MdQXAD6nMnp370M4AcFUr1pVy','wx','wx','wx@wx.com'),(87,'Jeff','$2y$10$GeXXG8dVYlaXMU89nG5oGuCry78PjorsOLy0UrUj8nY4ySkCbIHwC','Geoffrey','Delenne','g.d@gmail.com');
/*!40000 ALTER TABLE `user` ENABLE KEYS */;
UNLOCK TABLES;
/*!40103 SET TIME_ZONE=@OLD_TIME_ZONE */;

/*!40101 SET SQL_MODE=@OLD_SQL_MODE */;
/*!40014 SET FOREIGN_KEY_CHECKS=@OLD_FOREIGN_KEY_CHECKS */;
/*!40014 SET UNIQUE_CHECKS=@OLD_UNIQUE_CHECKS */;
/*!40101 SET CHARACTER_SET_CLIENT=@OLD_CHARACTER_SET_CLIENT */;
/*!40101 SET CHARACTER_SET_RESULTS=@OLD_CHARACTER_SET_RESULTS */;
/*!40101 SET COLLATION_CONNECTION=@OLD_COLLATION_CONNECTION */;
/*!40111 SET SQL_NOTES=@OLD_SQL_NOTES */;

-- Dump completed on 2020-05-11 16:00:52
